candidate,family,amount_transform,C,train_accuracy_mean,train_accuracy_std,validation_accuracy_mean,validation_accuracy_std,train_average_precision_mean,train_average_precision_std,validation_average_precision_mean,validation_average_precision_std,train_roc_auc_mean,train_roc_auc_std,validation_roc_auc_mean,validation_roc_auc_std,train_bad_precision_mean,train_bad_precision_std,validation_bad_precision_mean,validation_bad_precision_std,train_bad_recall_mean,train_bad_recall_std,validation_bad_recall_mean,validation_bad_recall_std,train_bad_f1_mean,train_bad_f1_std,validation_bad_f1_mean,validation_bad_f1_std,train_brier_score_mean,train_brier_score_std,validation_brier_score_mean,validation_brier_score_std,max_depth,min_samples_leaf
logistic_log_C0.1,logistic,log1p,0.1,0.7815625,0.0136841462786,0.74,0.0200585081699,0.700607393633,0.0119039684336,0.61889794319,0.0476215008219,0.834516834077,0.00738443157127,0.782589285714,0.0396555393945,0.70815547596,0.0276333132335,0.610847151973,0.0649746348663,0.461458333333,0.0363838524929,0.383333333333,0.0828108621431,0.558537487818,0.0343767006608,0.466034335964,0.0599238359029,0.148303594171,0.00310370657972,0.166440130391,0.0115241856854,,
logistic_log_C1,logistic,log1p,1,0.7978125,0.00816396904851,0.735,0.0156873754975,0.72218306226,0.00747720829458,0.603913207107,0.0391560857239,0.844270833333,0.00716947202719,0.769642857143,0.034599864352,0.70418727855,0.0178248445663,0.584382171309,0.0465139445563,0.5625,0.018778912893,0.441666666667,0.0771114813472,0.625298277117,0.0161269062858,0.497450630559,0.0347831145057,0.140935869466,0.00266442937312,0.17317229205,0.0123725403999,,
logistic_log_C10,logistic,log1p,10,0.795,0.0048663785945,0.7325,0.0209165006634,0.722291605332,0.00691661824174,0.591112644264,0.0368738866957,0.845263671875,0.00723919595001,0.763764880952,0.0326425719335,0.691612428885,0.0119930815022,0.574407790135,0.0493470917752,0.571875,0.0149143969409,0.4625,0.0771114813472,0.625943953418,0.00998908212714,0.506912338783,0.0386136388246,0.140229569732,0.00247710356678,0.177618889468,0.0125859950681,,
logistic_raw_C0.1,logistic,raw,0.1,0.7825,0.0107347275233,0.745,0.0231334444042,0.703858834782,0.0156404820471,0.621594287392,0.0592765793477,0.83650483631,0.00771907120212,0.784151785714,0.0441206357562,0.712631289898,0.0197977053778,0.633336275693,0.0840559011672,0.460416666667,0.0378456294262,0.383333333333,0.0891218734842,0.5588791518,0.0314506916386,0.470611565157,0.0594225998621,0.14742159617,0.00353152883725,0.166019136047,0.0136161397142,,
logistic_raw_C1,logistic,raw,1,0.7940625,0.00473929715253,0.74,0.0185404962177,0.725459549878,0.0132470338575,0.605755922259,0.0540771628086,0.846291387649,0.00798265695926,0.770572916667,0.0387672194192,0.69594506926,0.0111297746159,0.590860070139,0.0519018112869,0.557291666667,0.0241500481654,0.466666666667,0.0730653246531,0.618646353385,0.0143492802641,0.516666592777,0.0340854371942,0.140089736348,0.00317828330444,0.173030285192,0.0151285249156,,
logistic_raw_C10,logistic,raw,10,0.7940625,0.00588795115044,0.74,0.0205395959064,0.727213775639,0.0123686554112,0.596057080116,0.0504409052473,0.847981770833,0.00831922111465,0.765364583333,0.0368121742183,0.688507320261,0.0128031052545,0.589183723197,0.0590412044649,0.572916666667,0.0205052288386,0.475,0.0785060153392,0.625231858724,0.0138122980249,0.520945363346,0.039663972777,0.139469401674,0.00302161240159,0.177730955138,0.0151513730316,,
tree_depth2_leaf20,tree,log1p,,0.724375,0.0157262345501,0.7025,0.0298433409658,0.464388764067,0.0117183181794,0.438466693345,0.0304660637765,0.726255580357,0.00717170185616,0.704203869048,0.0182408598384,0.495026642578,0.282395198679,0.432021592443,0.263883183085,0.251041666667,0.180737421762,0.208333333333,0.131761569174,0.319845963555,0.193045576443,0.273189689584,0.160165524088,0.177911176725,0.00211070028193,0.187090856933,0.00809383512581,2,20
tree_depth2_leaf40,tree,log1p,,0.724375,0.0157262345501,0.7025,0.0298433409658,0.464474265196,0.0116293101382,0.438698463264,0.0303278952634,0.726293945313,0.00717807368656,0.70466889881,0.0179492572796,0.495026642578,0.282395198679,0.432021592443,0.263883183085,0.251041666667,0.180737421762,0.208333333333,0.131761569174,0.319845963555,0.193045576443,0.273189689584,0.160165524088,0.177944581278,0.00210162768186,0.186951086162,0.00811114965963,2,40
tree_depth3_leaf20,tree,log1p,,0.7359375,0.0117447627956,0.70375,0.0267365620453,0.513770617808,0.0189546180205,0.448010667907,0.0270426638775,0.761778041295,0.0121755446652,0.70623139881,0.0270380796858,0.623960351145,0.0561034543138,0.533282965478,0.10487015286,0.344791666667,0.146547729355,0.308333333333,0.179457128895,0.42558986898,0.0956887609728,0.365230790246,0.108355880419,0.169086713466,0.00338913431075,0.190592476948,0.00987985546783,3,20
tree_depth3_leaf40,tree,log1p,,0.7359375,0.0117447627956,0.70375,0.0267365620453,0.502641914207,0.0210489801629,0.455416477816,0.0270207723817,0.757270740327,0.0109273316136,0.714564732143,0.0256484887657,0.623960351145,0.0561034543138,0.533282965478,0.10487015286,0.344791666667,0.146547729355,0.308333333333,0.179457128895,0.42558986898,0.0956887609728,0.365230790246,0.108355880419,0.171869869565,0.00289582256435,0.187383828634,0.00841442506486,3,40
tree_depth4_leaf20,tree,log1p,,0.7503125,0.0136841462786,0.70125,0.0218303114957,0.562726267738,0.0276964957888,0.459899130528,0.0352961994868,0.790900530134,0.0158367846641,0.706417410714,0.0266138933851,0.626133013757,0.0565525069824,0.516117979843,0.0773190223117,0.457291666667,0.103736089262,0.395833333333,0.156596837275,0.518220447658,0.055782398555,0.429943519798,0.0909003542031,0.160935243167,0.00414102730588,0.190919788271,0.0112901733615,4,20
tree_depth4_leaf40,tree,log1p,,0.7484375,0.0135766774976,0.705,0.0161777238819,0.540763319678,0.0236772472425,0.466441896026,0.0340550903709,0.77874000186,0.0114680086594,0.716573660714,0.0242082363309,0.629592606424,0.0650653007379,0.518851797238,0.0476456113049,0.45,0.166365287407,0.3875,0.112769738356,0.499539317669,0.133200849652,0.432478632479,0.0811995647914,0.166243497832,0.00353579421054,0.189414992191,0.00917520158492,4,40
