encoded_feature,coefficient
numeric__duration_months,0.323493688634
numeric__age,-0.0853987367196
amount__credit_amount,0.220297523764
categories__employment_duration_1,0.176217741362
categories__employment_duration_2,0.201611813122
categories__employment_duration_3,0.0440784002727
categories__employment_duration_4,-0.337932402611
categories__employment_duration_5,-0.0844540527914
categories__installment_rate_1,-0.168753827901
categories__installment_rate_2,-0.138669524523
categories__installment_rate_3,0.0397095048098
categories__installment_rate_4,0.267235346968
categories__residence_duration_1,-0.0819184974901
categories__residence_duration_2,0.120820305604
categories__residence_duration_3,0.0118308527112
categories__residence_duration_4,-0.0512111614708
categories__property_1,-0.237216274948
categories__property_2,0.0724922062298
categories__property_3,-0.1060794613
categories__property_4,0.270325029372
categories__number_credits_1,-0.12756992636
categories__number_credits_2,0.0907804436893
categories__number_credits_3,-0.00363952407498
categories__number_credits_4,0.0399505060996
categories__job_1,-0.0311352984812
categories__job_2,-0.107819368341
categories__job_3,0.124362018635
categories__job_4,0.0141141475416
categories__checking_status_1,0.613770265493
categories__checking_status_2,0.289889532784
categories__checking_status_3,-0.141306104104
categories__checking_status_4,-0.762832194819
categories__credit_history_0,0.234544066817
categories__credit_history_1,0.411582246398
categories__credit_history_2,0.107455250555
categories__credit_history_3,-0.180695380641
categories__credit_history_4,-0.573364683775
categories__purpose_0,0.44884614001
categories__purpose_1,-0.579560217286
categories__purpose_2,0.0608331134993
categories__purpose_3,-0.149696716289
categories__purpose_4,0.04396185912
categories__purpose_5,0.137749445589
categories__purpose_6,0.263689156572
categories__purpose_7,0
categories__purpose_8,-0.0655816742002
categories__purpose_9,-0.0726742355322
categories__purpose_10,-0.0880453721289
categories__savings_1,0.477955520737
categories__savings_2,0.143980398199
categories__savings_3,-0.0681597280375
categories__savings_4,-0.21233904624
categories__savings_5,-0.341915645305
categories__other_debtors_1,0.15409562751
categories__other_debtors_2,0.0962677361018
categories__other_debtors_3,-0.250841864258
categories__other_installment_plans_1,0.119403929372
categories__other_installment_plans_2,0.1410169295
categories__other_installment_plans_3,-0.260899359518
categories__housing_1,0.199141608996
categories__housing_2,-0.178604073956
categories__housing_3,-0.021016035687
binary__people_liable,-0.0458183090938
binary__telephone,-0.263901423003
