source_row_position,split
1,train
2,test
3,train
4,train
5,test
6,train
7,train
8,train
9,train
10,train
11,train
12,train
13,train
14,test
15,test
16,train
17,train
18,train
19,train
20,train
21,test
22,test
23,test
24,train
25,train
26,train
27,train
28,train
29,test
30,train
31,train
32,train
33,train
34,test
35,train
36,test
37,test
38,train
39,train
40,train
41,train
42,test
43,train
44,train
45,train
46,train
47,train
48,train
49,train
50,train
51,test
52,train
53,train
54,train
55,train
56,test
57,train
58,train
59,train
60,train
61,train
62,test
63,train
64,train
65,train
66,test
67,train
68,test
69,train
70,train
71,train
72,train
73,train
74,train
75,test
76,train
77,train
78,train
79,train
80,train
81,train
82,train
83,train
84,test
85,train
86,train
87,train
88,train
89,test
90,train
91,test
92,train
93,train
94,train
95,test
96,train
97,train
98,train
99,train
100,test
101,train
102,train
103,test
104,test
105,train
106,train
107,test
108,train
109,train
110,test
111,test
112,test
113,train
114,train
115,train
116,train
117,train
118,train
119,train
120,train
121,train
122,train
123,train
124,train
125,train
126,train
127,test
128,train
129,train
130,train
131,train
132,train
133,train
134,test
135,train
136,test
137,train
138,train
139,train
140,test
141,train
142,train
143,train
144,test
145,train
146,train
147,train
148,train
149,train
150,train
151,train
152,train
153,train
154,train
155,train
156,train
157,train
158,train
159,test
160,train
161,train
162,train
163,test
164,train
165,train
166,test
167,test
168,test
169,train
170,train
171,train
172,train
173,train
174,test
175,train
176,train
177,train
178,test
179,train
180,train
181,train
182,train
183,train
184,train
185,train
186,train
187,train
188,train
189,train
190,train
191,train
192,train
193,train
194,train
195,test
196,train
197,test
198,train
199,test
200,train
201,train
202,train
203,train
204,train
205,train
206,train
207,train
208,test
209,test
210,train
211,train
212,train
213,test
214,test
215,train
216,train
217,train
218,train
219,train
220,train
221,train
222,test
223,train
224,test
225,test
226,train
227,train
228,train
229,train
230,train
231,train
232,train
233,train
234,train
235,train
236,train
237,train
238,train
239,test
240,train
241,train
242,train
243,train
244,train
245,train
246,train
247,train
248,train
249,test
250,test
251,test
252,test
253,train
254,train
255,train
256,train
257,train
258,train
259,train
260,test
261,test
262,train
263,train
264,train
265,train
266,train
267,train
268,train
269,train
270,train
271,train
272,train
273,train
274,train
275,train
276,train
277,train
278,test
279,test
280,train
281,train
282,test
283,train
284,train
285,test
286,train
287,train
288,train
289,train
290,train
291,train
292,train
293,train
294,train
295,train
296,train
297,test
298,train
299,train
300,train
301,train
302,train
303,train
304,test
305,train
306,train
307,train
308,train
309,train
310,train
311,train
312,train
313,train
314,train
315,train
316,train
317,train
318,test
319,train
320,train
321,train
322,train
323,test
324,train
325,test
326,train
327,train
328,train
329,train
330,train
331,train
332,train
333,train
334,train
335,train
336,train
337,train
338,train
339,train
340,test
341,train
342,train
343,train
344,train
345,train
346,train
347,test
348,train
349,test
350,train
351,train
352,train
353,test
354,train
355,train
356,test
357,train
358,train
359,train
360,train
361,train
362,train
363,train
364,train
365,train
366,train
367,train
368,train
369,train
370,train
371,train
372,train
373,train
374,train
375,train
376,train
377,train
378,test
379,train
380,train
381,train
382,train
383,train
384,test
385,train
386,train
387,train
388,train
389,train
390,train
391,test
392,test
393,train
394,train
395,train
396,train
397,train
398,test
399,train
400,test
401,train
402,test
403,train
404,test
405,test
406,train
407,train
408,train
409,train
410,test
411,train
412,train
413,train
414,test
415,train
416,train
417,train
418,train
419,test
420,train
421,train
422,train
423,train
424,train
425,train
426,test
427,train
428,train
429,train
430,train
431,train
432,train
433,test
434,train
435,train
436,train
437,train
438,train
439,train
440,train
441,train
442,test
443,train
444,train
445,train
446,train
447,train
448,train
449,train
450,test
451,train
452,train
453,train
454,train
455,train
456,train
457,train
458,train
459,train
460,train
461,train
462,train
463,train
464,train
465,train
466,train
467,train
468,train
469,train
470,train
471,test
472,test
473,train
474,train
475,test
476,test
477,test
478,test
479,train
480,train
481,train
482,train
483,test
484,train
485,train
486,train
487,train
488,test
489,train
490,train
491,test
492,test
493,test
494,train
495,train
496,train
497,train
498,train
499,train
500,train
501,test
502,train
503,train
504,train
505,train
506,test
507,train
508,test
509,test
510,train
511,train
512,train
513,train
514,train
515,test
516,train
517,train
518,train
519,train
520,train
521,train
522,train
523,train
524,test
525,train
526,test
527,train
528,train
529,train
530,test
531,train
532,test
533,train
534,train
535,train
536,train
537,train
538,train
539,train
540,train
541,train
542,train
543,test
544,test
545,train
546,train
547,train
548,test
549,train
550,train
551,train
552,train
553,train
554,train
555,train
556,train
557,train
558,train
559,train
560,train
561,train
562,train
563,train
564,train
565,test
566,train
567,train
568,train
569,train
570,train
571,test
572,train
573,train
574,train
575,train
576,train
577,train
578,train
579,train
580,train
581,train
582,train
583,train
584,train
585,train
586,train
587,test
588,train
589,test
590,test
591,train
592,train
593,test
594,train
595,train
596,test
597,test
598,test
599,test
600,train
601,train
602,test
603,test
604,test
605,train
606,train
607,train
608,train
609,train
610,train
611,test
612,train
613,test
614,test
615,train
616,train
617,train
618,train
619,train
620,train
621,train
622,train
623,train
624,train
625,train
626,train
627,train
628,train
629,train
630,test
631,test
632,train
633,test
634,train
635,train
636,test
637,train
638,train
639,test
640,train
641,train
642,test
643,train
644,train
645,train
646,train
647,train
648,train
649,train
650,train
651,train
652,train
653,train
654,train
655,test
656,train
657,train
658,test
659,train
660,train
661,train
662,train
663,train
664,train
665,train
666,train
667,test
668,train
669,train
670,train
671,train
672,train
673,train
674,train
675,train
676,train
677,train
678,train
679,train
680,train
681,train
682,train
683,train
684,train
685,train
686,train
687,train
688,train
689,train
690,train
691,test
692,train
693,train
694,train
695,train
696,train
697,train
698,test
699,train
700,train
701,train
702,train
703,train
704,test
705,train
706,train
707,test
708,train
709,train
710,test
711,train
712,train
713,train
714,train
715,train
716,train
717,train
718,test
719,train
720,train
721,train
722,train
723,train
724,train
725,train
726,train
727,train
728,train
729,train
730,train
731,test
732,train
733,train
734,test
735,train
736,train
737,train
738,train
739,train
740,train
741,train
742,train
743,test
744,train
745,test
746,test
747,train
748,train
749,test
750,train
751,train
752,train
753,test
754,test
755,train
756,train
757,test
758,train
759,train
760,train
761,train
762,train
763,test
764,train
765,test
766,test
767,train
768,train
769,train
770,train
771,train
772,test
773,train
774,train
775,test
776,train
777,train
778,test
779,train
780,train
781,train
782,train
783,test
784,train
785,test
786,train
787,train
788,train
789,train
790,train
791,train
792,train
793,train
794,train
795,test
796,train
797,train
798,test
799,test
800,train
801,train
802,train
803,train
804,train
805,test
806,train
807,train
808,train
809,train
810,train
811,train
812,test
813,train
814,train
815,train
816,train
817,train
818,test
819,test
820,train
821,train
822,train
823,train
824,train
825,train
826,train
827,train
828,train
829,train
830,train
831,train
832,train
833,test
834,train
835,train
836,train
837,train
838,train
839,train
840,train
841,train
842,test
843,train
844,train
845,test
846,test
847,train
848,train
849,train
850,train
851,test
852,train
853,train
854,test
855,train
856,train
857,train
858,train
859,train
860,train
861,train
862,test
863,train
864,train
865,test
866,train
867,train
868,train
869,train
870,train
871,train
872,train
873,test
874,train
875,train
876,train
877,test
878,train
879,train
880,train
881,train
882,train
883,train
884,train
885,train
886,train
887,train
888,train
889,train
890,train
891,train
892,train
893,train
894,train
895,train
896,train
897,test
898,train
899,train
900,train
901,train
902,test
903,train
904,train
905,test
906,train
907,test
908,train
909,train
910,train
911,train
912,train
913,train
914,train
915,train
916,train
917,test
918,train
919,train
920,train
921,train
922,test
923,train
924,test
925,train
926,train
927,train
928,train
929,test
930,train
931,train
932,train
933,train
934,train
935,train
936,test
937,train
938,train
939,test
940,train
941,train
942,train
943,train
944,train
945,train
946,train
947,train
948,train
949,train
950,test
951,test
952,train
953,train
954,test
955,train
956,train
957,train
958,train
959,test
960,test
961,train
962,train
963,train
964,train
965,train
966,train
967,test
968,train
969,train
970,train
971,train
972,test
973,test
974,train
975,train
976,train
977,train
978,train
979,train
980,test
981,train
982,test
983,test
984,train
985,train
986,train
987,train
988,train
989,test
990,train
991,train
992,test
993,train
994,train
995,train
996,train
997,train
998,train
999,train
1000,test
